-- phpMyAdmin SQL Dump
-- version 5.2.0
-- https://www.phpmyadmin.net/
--
-- Host: 127.0.0.1
-- Generation Time: Apr 22, 2023 at 06:40 AM
-- Server version: 10.4.27-MariaDB
-- PHP Version: 8.1.12

SET SQL_MODE = "NO_AUTO_VALUE_ON_ZERO";
START TRANSACTION;
SET time_zone = "+00:00";


/*!40101 SET @OLD_CHARACTER_SET_CLIENT=@@CHARACTER_SET_CLIENT */;
/*!40101 SET @OLD_CHARACTER_SET_RESULTS=@@CHARACTER_SET_RESULTS */;
/*!40101 SET @OLD_COLLATION_CONNECTION=@@COLLATION_CONNECTION */;
/*!40101 SET NAMES utf8mb4 */;

--
-- Database: `inkwell`
--

-- --------------------------------------------------------

--
-- Table structure for table `books`
--

CREATE TABLE `books` (
  `book_isbn` varchar(20) NOT NULL,
  `book_title` varchar(60) DEFAULT NULL,
  `book_author` varchar(60) DEFAULT NULL,
  `book_image` varchar(40) DEFAULT NULL,
  `book_descr` longtext DEFAULT NULL,
  `book_price` decimal(6,2) NOT NULL,
  `publisherid` int(10) UNSIGNED NOT NULL,
  `categoryid` int(10) DEFAULT NULL
) ENGINE=InnoDB DEFAULT CHARSET=latin1 COLLATE=latin1_general_ci;

--
-- Dumping data for table `books`
--

INSERT INTO `books` (`book_isbn`, `book_title`, `book_author`, `book_image`, `book_descr`, `book_price`, `publisherid`, `categoryid`) VALUES
('978-0-321-94786-4', 'THE FAST 800 RECIPE BOOK: AUSTRALIAN AND NEW ZEALAND EDITION', 'Dr Clare Bailey', 'the 800 fast recipe book.jpg', 'The companion to the No.1 bestseller The Fast 800. 150 delicious new recipes to help you combine rapid weight loss and intermittent fasting for long term good health. Foreword by Dr Michael Mosley.\r\n\r\nThis companion cookbook to the international bestseller The Fast 800 by Dr Michael Mosley is filled with delicious, easy, low carb recipes and essential weekly meal planners, all carefully formulated by Dr Clare Bailey and Justine Pattison to help you lose weight, improve mood and reduce blood pressure, inflammation and blood sugars. Studies show that 800 calories is the magic number when it comes to successful dieting. Its high enough to be manageable, but low enough to speed weight loss and trigger a range of positive metabolic changes. In The Fast 800, Dr Michael Mosley brought together all the latest science, including Time Restricted Eating, to create an easy-to-follow programme, and this collection of all-new recipes, all photographed in full colour, will help you achieve all your goals. Every recipe is also calorie coded and noted with nutrition metrics to help you on your path to long term health.\r\n\r\nThis diet changed my life Denise Bach, aged 51', '23.99', 8, 1),
('978-0-7303-1484-4', 'THE FAST DIET RECIPE BOOK (THE OFFICIAL 5:2 DIET)', 'Mimi Spencer, Sarah Schenker', 'the fast diet recipe book.jpg', 'Following the #1 bestselling The Fast Diet, this fabulous cookbook offers 150 carefully crafted, nutritious, low-calorie recipes to enable you to incorporate the 5:2 weight-loss system into your daily life.\r\n\r\nAs revealed by Dr Michael Mosley in The Fast Diet, scientific trials have revealed that if you eat normally for five days a week but reduce your calorie intake for only two days, you will not only lose weight but potentially lower your risk of cancer, diabetes and other age-related diseases.\r\n\r\nThe recipes here range from simple breakfasts to leisurely suppers and warming winter stews, all expertly balanced and calorie-counted by leading nutritionist Dr Sarah Schenker. Theres also a month of meal plans for men and women and Mimi Spencer, co-writer of The Fast Diet, offers a groundbreaking guide to following this diet in a safe, effective and sustainable way - you will never have to worry about planning your fast days again. There are plenty of encouraging tips - including kitchen cupboard essentials and a whole section of speedy meals that can be quickly made for those busier days.\r\n\r\nThis book offers a wonderful companion guide to the groundbreaking Fast Diet, with recipes so delicious youll find yourself looking forward to your Fast Days. Youll lose weight, and enjoy doing it.', '24.99', 8, 1),
('978-0060883287', 'One Hundred Years of Solitude', 'Gabriel Garcia Marquez', '100yearsofsolitude.jpg', 'This novel is a landmark of Latin American literature and is widely regarded as one of the greatest works of the 20th century. Set in the fictional town of Macondo, the story follows the Buendia family over the course of several generations. The family is cursed with a series of tragic events, including incest, murder, and insanity, and the novel explores themes of love, death, and the cyclical nature of history. Marquez\'s vivid, imaginative prose and magical realism style have made this novel a beloved classic around the world.', '12.99', 14, 1),
('978-0060934347', 'Don Quixote', 'Miguel de Cervantes', 'donquixote.jpg', 'This classic novel is considered to be one of the greatest works of fiction ever written. The story follows the adventures of an aging gentleman, Alonso Quixano, who becomes so enamored with tales of chivalry and romance that he decides to become a knight-errant himself. Donning his armor and setting out on his trusty steed Rocinante, he encounters all manner of people and situations, some of which are hilarious and others tragic. The novel is a masterpiece of satire, humor, and pathos, and has influenced countless other works of literature and art since its publication in 1605.', '16.99', 3, 1),
('978-0062316110', 'Sapiens: A Brief History of Humankind', 'Yuval Noah Harari', 'sapiens.jpg', '\"Sapiens\" is a sweeping history of human civilization, exploring the development of our species from prehistoric times to the present day. Harari covers topics such as the agricultural revolution, the rise of religion, and the impact of technology on human society. The book has been translated into over 50 languages and has sold over 12 million copies worldwide, making it one of the most popular nonfiction books of recent years.', '14.50', 22, 9),
('978-0140268867', 'The Odyssey', 'Homer', 'odyssey.jpg', 'The Odyssey is an epic poem by ancient Greek poet Homer, and it tells the story of the hero Odysseus as he attempts to return home to his wife and kingdom after fighting in the Trojan War. Along the way, he encounters various obstacles, including the wrath of the gods, and he must use his cunning and intelligence to overcome them. The Odyssey is considered one of the greatest works of literature in the Western canon, and it has influenced countless other works of fiction.', '9.99', 3, 1),
('978-0141439518', 'Pride and Prejudice', 'Jane Austen', 'prideandprejudice.jpg', 'This beloved novel is a timeless classic of English literature that has inspired countless adaptations and spin-offs. Set in the early 19th century, the story follows the independent-minded Elizabeth Bennet as she navigates the social expectations and romantic entanglements of her time. The novel explores themes of class, gender, and the importance of marrying for love rather than social status. Austen\'s witty and insightful prose has made this novel a perennial favorite among readers of all ages.', '16.99', 12, 1),
('978-0141439556', 'Wuthering Heights', 'Emily Bronte', 'wutheringheights.jpg', 'Wuthering Heights is a novel by English author Emily Bronte, and it is considered a masterpiece of Gothic literature. The novel tells the story of the love between Catherine Earnshaw and Heathcliff, and the tragic consequences of their passion. The novel explores themes of love, revenge, and the destructive power of obsession.', '10.99', 3, 1),
('978-0199232765', 'War and Peace', 'Leo Tolstoy', 'war&peace.jpg', 'War and Peace is a novel by Russian author Leo Tolstoy, and it is considered one of the greatest works of fiction ever written. The novel tells the story of several families during the Napoleonic Wars, and it explores themes of love, war, and the struggle for power. The novel is renowned for its intricate plot, memorable characters, and its exploration of the human condition.', '12.56', 15, 9),
('978-0205309023', 'The Elements of Style', 'William Strunk Jr. and E.B. White', 'elementofstyle.jpg', '\"The Elements of Style\" is a classic guide to English grammar and writing. Originally published in 1918 by Strunk, the book was revised and expanded by White in 1959 and has become a staple of writing courses and workshops. The book provides practical advice on sentence structure, punctuation, and style, and has sold over 10 million copies worldwide.', '13.49', 24, 9),
('978-0307352156', 'Quiet: The Power of Introverts in a World That Can\'t Stop Ta', 'Susan Cain', 'powerofintroverts.jpg', '\"Quiet\" is a nonfiction book that explores the role of introverts in modern society. Cain argues that introverts have unique talents and strengths that are often overlooked in a culture that values extroversion and constant stimulation. The book has been praised for its thoughtful analysis and practical advice for introverts and extroverts alike. It has sold over 2 million copies worldwide and has become a cultural touchstone for the introvert movement.', '17.75', 23, 9),
('978-0316017930', 'Outliers: The Story of Success', 'Malcolm Gladwell', 'outliers.jpg', '\"Outliers\" explores the factors that contribute to success in various fields, from sports to business to music. Gladwell challenges the traditional notion of success as a product of individual talent and hard work, arguing that social and cultural factors play a more significant role than we realize. The book has sold over 4 million copies worldwide and has inspired a new wave of research on the nature of success.', '13.33', 16, 9),
('978-0316769488', 'The Catcher in the Rye', 'J.D. Salinger', 'catcherintherye.jpg', 'This coming-of-age novel is a classic of American literature that has resonated with generations of readers. Set in the 1950s, the story follows teenage protagonist Holden Caulfield as he navigates the complexities of adolescence and struggles with feelings of alienation and disillusionment. The novel explores themes of identity, authenticity, and the struggle to find meaning in a confusing world. Salinger\'s spare and evocative prose, as well as his relatable and authentic characters, have made this novel a beloved classic.', '14.99', 16, 1),
('978-0374533557', 'Thinking, Fast and Slow', 'Daniel Kahneman', 'thinkingfast&slow.jpg', 'In \"Thinking, Fast and Slow,\" Nobel Prize-winning economist Daniel Kahneman explores the way humans think and make decisions. He identifies two modes of thinking - System 1, which is intuitive and fast, and System 2, which is more deliberate and logical. Kahneman\'s research shows how these two modes of thinking can lead to biases and errors in judgment, and how we can become more aware of these tendencies to make better decisions.', '11.29', 19, 9),
('978-0446310789', 'To Kill a Mockingbird', 'Harper Lee', 'tokillamockingbird.jpg', 'This Pulitzer Prize-winning novel is a timeless classic that continues to resonate with readers today. Set in the Deep South during the Great Depression, the story is narrated by a young girl named Scout Finch, who observes the racial injustice and prejudice in her community through the trial of a black man falsely accused of raping a white woman. The novel explores themes of courage, compassion, and the importance of standing up for what is right, even when it is difficult.', '5.99', 6, 1),
('978-0451524935', '1984', 'George Orwell', '1984.jpg', 'This dystopian novel has become a symbol of government surveillance and totalitarianism. Set in a future world in which every aspect of life is controlled by a dictatorial government, the story follows protagonist Winston Smith as he rebels against the oppressive regime. The novel explores themes of power, truth, and individual freedom, and has become a cautionary tale about the dangers of authoritarianism. Orwell\'s powerful prose and thought-provoking ideas have made this novel a classic of modern literature.', '6.99', 13, 1),
('978-0486280615', 'The Adventures of Huckleberry Finn by Mark Twain', 'Mark Twain', 'huckleberryfinn.jpg', 'The Adventures of Huckleberry Finn is a novel by American author Mark Twain, and it is considered one of the greatest works of American literature. The novel tells the story of Huck Finn, a young boy who runs away from home and embarks on a journey down the Mississippi River with his friend Jim, a runaway slave. The novel explores themes of race, morality, and the meaning of freedom.', '12.99', 12, 1),
('978-0544273443', 'The Lord of the Rings', 'J.R.R. Tolkien', 'lotr.jpg', 'This epic fantasy trilogy has captured the imaginations of readers around the world and has become a cultural phenomenon. Set in the world of Middle-earth, the story follows hobbit Frodo Baggins as he embarks on a perilous journey to destroy the One Ring, a powerful artifact created by the dark lord Sauron. Along the way, he is aided by a fellowship of diverse characters, including elves, dwarves, and humans. The novel explores themes of friendship, sacrifice, and the struggle between good and evil. Tolkien\'s masterful world-building, rich mythology, and epic battles have made this trilogy a beloved classic of fantasy literature.', '15.99', 9, 1),
('978-0547928227', 'The Hobbit', 'J.R.R. Tolkien', 'hobbit.jpg', 'This beloved children\'s book has become a classic of fantasy literature and has introduced countless readers to the world of Middle-earth. Set before the events of \"The Lord of the Rings,\" the story follows hobbit Bilbo Baggins as he embarks on a quest to help a group of dwarves reclaim their treasure from the dragon Smaug. Along the way, he encounters a host of fantastical creatures, including trolls, elves, and goblins. The novel explores themes of heroism, loyalty, and the transformative power of adventure. Tolkien\'s charming prose and vivid imagination have made this novel a timeless classic.', '21.99', 9, 1),
('978-0553296983', 'The Diary of a Young Girl', 'Anne Frank', 'annefrank.jpg', '\"The Diary of a Young Girl\" is a poignant memoir of a Jewish girl, Anne Frank, who documented her life in hiding from the Nazis during World War II. Anne Frank\'s diary provides an intimate and honest portrayal of life during one of the darkest periods in human history. Her writing reflects on her hopes, fears, and dreams, giving readers an insight into the human experience. The book has sold over 30 million copies worldwide and has been translated into over 70 languages', '9.99', 18, 9),
('978-0553380163', 'A Brief History of Time', 'Stephen Hawking', 'briefhistoryoftime.jpg', '\"A Brief History of Time\" is a scientific exploration of the origins of the universe and the laws that govern it. Hawking explains complex concepts in a way that is accessible to the general reader, and his book has sold over 10 million copies worldwide. It has become a classic in popular science writing, inspiring a new generation of scientists and thinkers.', '9.99', 20, 9),
('978-0590353427', 'Harry Potter and the Philosopher\'s Stone', 'J.K. Rowling', 'harrypotter.jpg', 'This beloved children\'s book has become a cultural phenomenon and has introduced an entire generation to the magic of reading. Set in the wizarding world of Hogwarts School of Witchcraft and Wizardry, the story follows young orphan Harry Potter as he discovers his true identity as a wizard and begins to learn about the magical world around him. The novel explores themes of friendship, courage, and the struggle between good and evil. Rowling\'s vivid characters, imaginative world-building, and engaging plot have made this novel a beloved classic of children\'s literature.', '19.99', 4, 1),
('978-0743269513', 'The 7 Habits of Highly Effective People', 'Stephen R. Covey', '7habits.jpg', 'The 7 Habits of Highly Effective People\" is a self-help book that has sold over 25 million copies worldwide. Covey\'s seven habits focus on principles for personal and professional growth, including being proactive, beginning with the end in mind, and seeking first to understand, then to be understood. The book has had a significant impact on business and personal development, and its principles continue to be taught in workshops and training programs today.', '7.99', 21, 9),
('978-0743273565', 'The Great Gatsby', 'F. Scott Fitzgerald', 'greatgatsby.jpg', 'This iconic novel is a quintessential representation of the roaring twenties and the Jazz Age. Set in the fictional town of West Egg on Long Island, the story follows the mysterious and wealthy Jay Gatsby, who becomes obsessed with winning back his former love, Daisy Buchanan. The novel explores themes of the corrupting influence of wealth, the illusion of the American Dream, and the fragility of human relationships. Fitzgerald\'s masterful prose and vivid characters have made this novel a classic of American literature.', '15.99', 5, 1),
('978-1-118-94924-5', 'THE GOOD THIEVES', 'Katherine Rundell', 'the good theives.jpg', 'An amazing adventure story, told with sparkling style and sleight of hand JACQUELINE WILSON\r\n\r\nVita set her jaw, and nodded at New York City in greeting, as a boxer greets an opponent before a fight.\r\n\r\nFresh off the boat from England, Vita Marlowe has a job to do. Her beloved grandfather Jack has been cheated out of his home and possessions by a notorious conman with Mafia connections. Seeing Jack spirit is broken, Vita is desperate to make him happy again, so she devises a plan to outwit his enemies and recover his home.\r\nShe finds a young pickpocket, working the streets of the city. And, nearby, two boys with highly unusual skills and secrets of their own are about to be pulled into her lawless, death-defying plan.\r\n\r\nKatherine Rundells fifth novel is a heist as never seen before - the story of a group of children who will do anything to right a wrong.', '11.99', 7, 2),
('978-1-1180-2669-4', 'FIVE FEET APART', 'Rachael Lippincott, Mikki Daughtry, Tobias Iaconis', 'five feet apart.jpg', 'In this moving story thats perfect for fans of John Greens The Fault in Our Stars, two teens fall in love with just one minor complication-they cant get within a few feet of each other without risking their lives. Can you love someone you can never touch? Stella Grant likes to be in control-even though her totally out of control lungs have sent her in and out of the hospital most of her life. At this point, what Stella needs to control most is keeping herself away from anyone or anything that might pass along an infection and jeopardize the possibility of a lung transplant. Six feet apart. No exceptions. The only thing Will Newman wants to be in control of is getting out of this hospital. He couldnt care less about his treatments, or a fancy new clinical drug trial. Soon, hell turn eighteen and then hell be able to unplug all these machines and actually go see the world, not just its hospitals. Wills exactly what Stella needs to stay away from. If he so much as breathes on Stella she could lose her spot on the transplant list. Either one of them could die. The only way to stay alive is to stay apart. But suddenly six feet doesnt feel like safety. It feels like punishment. What if they could steal back just a little bit of the space their broken lungs have stolen from them? Would five feet apart really be so dangerous if it stops their hearts from breaking too?', '16.99', 7, 4),
('978-1-44937-019-0', 'KINGDOM OF ASH (BOOK 6, THRONE OF GLASS)', 'Sarah J. Maas', 'kingdom if ash.jpg', 'Aelin Galathynius s journey from slave to assassin to queen reaches its heart-rending finale as war erupts across her world -\r\nShe has risked everything to save her people but at a tremendous cost. Locked in an iron coffin by the Queen of the Fae, Aelin must draw upon her fiery will to endure the months of torture inflicted upon her. The knowledge that yielding to Maeve will doom those she loves keeps her from breaking, but her resolve is unravelling with each passing day -\r\nWith Aelin imprisoned, Aedion and Lysandra are the last line of defence keeping Terrasen from utter destruction. But even the many allies they ve gathered to battle Erawan s hordes might not be enough to save the kingdom. Scattered throughout the continent and racing against time, Chaol, Manon, and Dorian must forge their own paths to meet their destinies. And across the sea Rowan hunts to find his captured wife and queen before she is lost to him.\r\nSome bonds will deepen and others be severed forever, but as the threads of fate weave together at last, all must fight if they are to find salvation and a better world.\r\nYears in the making,Kingdom of Ashis the unforgettable conclusion to Sarah J. Maas s #1New York Timesbestselling Throne of Glass series.', '19.99', 2, 6),
('978-1-44937-075-6', 'CITY OF ASHES (THE MORTAL INSTRUMENTS BOOK 2)', 'Cassandra Clare', 'city of ashes.jpg', 'Discover more secrets about the Shadowhunters as they fight to protect the world from demons in the second book in the internationally bestselling Mortal Instruments series.Love and power are the deadliest temptations… Haunted by her past, Clary is dragged deeper into New York Citys terrifying underworld of demons and Shadowhunters – but can she control her feelings for a boy who can never be hers? Read all the sensational books in The Shadowhunter Chronicles: The Mortal Instruments, The Infernal Devices, Tales From the Shadowhunter Academy, The Bane Chronicles and The Shadowhunters Codex.', '19.99', 1, 5),
('978-1-4571-0402-2', 'ATLAS OF MONSTERS AND GHOSTS', 'Lonely Planet', 'monsters and ghosts.jpg', 'If you believe that all you need to fight an evil bloodthirsty fiend is garlic or holy water, think again. What you need is to keep a cool head and reach for your copy of Atlas of Monsters and Ghosts!\r\n\r\nHave you heard of the headless man roaming Edinburgh Castle? Or the mysterious girl who asks for a ride to the cemetery and then disappears into the night? What about orcs, trolls, gremlins, krakens, bunyips and the Yara-Ma-Yha-Who?\r\n\r\nJoin famous monster hunter Van Helsing on a trip around the globe to find haunted castles, restless spirits, terrifying dragons, wicked witches, and more. Learn the defining characteristics of each beast, where it can be found and – most importantly – how to defeat it.\r\n\r\nOrganised by continent for easy monster-tracking, Lonely Planet Kids Atlas of Monsters and Ghosts gives you the lowdown on the worlds most famous ghosts and mythological creatures, each brought to life by Laura Brenllas beautiful illustrations.\r\n\r\nAbout Lonely Planet Kids: Lonely Planet Kids – an imprint of the worlds leading travel authority Lonely Planet – published its first book in 2011. Over the past 45 years, Lonely Planet has grown a dedicated global community of travellers, many of whom are now sharing a passion for exploration with their children. Lonely Planet Kids educates and encourages young readers at home and in school to learn about the world with engaging books on culture, sociology, geography, nature, history, space and more. We want to inspire the next generation of global citizens and help kids and their parents to approach life in a way that makes every day an adventure. Come explore!', '26.99', 11, 2),
('978-1-484216-40-8', 'BECOMING', 'Michelle Obama', 'becoming.jpg', 'This memoir will chronicle the former First Ladys life from a childhood on the South Side of Chicago to her years as an executive balancing the demands of motherhood and work, as well as her time in the White House.\r\n\r\nIn a statement, she said: Writing Becoming has been a deeply personal experience. It has allowed me, for the very first time, the space to honestly reflect on the unexpected trajectory of my life.\r\n\r\n“In this book, I talk about my roots and how a little girl from the South Side of Chicago found her voice and developed the strength to use it to empower others. I hope my journey inspires readers to find the courage to become whoever they aspire to be. I cant wait to share my story.', '49.99', 2, 9),
('978-1-484217-26-9', 'GOOD NIGHT STORIES FOR REBEL GIRLS 2', 'Elena Favilli & Francesca Cavallo, Elena Favilli', 'goodnight stories for rebel girls.jpg', '100 new bedtime stories, each inspired by the life and adventures of extraordinary women from Nefertiti to Beyonce. The unique narrative style of \"Good Night Stories for Rebel Girls\" transforms each biography in a fairy-tale, filling the readers with wonder and with a burning curiosity to know more about each hero.', '49.99', 7, 2),
('978-1400052189', 'The Immortal Life of Henrietta Lacks', 'Rebecca Skloot', 'immortallifeof.jpg', '\"The Immortal Life of Henrietta Lacks\" is a nonfiction book that tells the story of Henrietta Lacks, a woman whose cells were taken without her knowledge in 1951 and used in medical research, leading to numerous scientific breakthroughs. The book explores the ethical implications of medical research and the impact of race and class on healthcare in America. Skloot\'s book has been praised for its blend of scientific and personal storytelling and has sold over 2.5 million copies worldwide.', '9.49', 23, 9),
('978-1577314806', 'The Power of Now', 'Eckhart Tolle', 'powerofnow.jpg', '\"The Power of Now\" is a spiritual guidebook that encourages readers to live in the present moment. Tolle argues that the mind\'s tendency to dwell on the past or worry about the future can lead to anxiety and suffering, and he provides practical tools for achieving inner peace and happiness. The book has sold over 3 million copies worldwide and has been translated into 33 languages', '8.89', 25, 9),
('9780575081406', 'The Name of the Wind (The Kingkiller Chronicle Book 1)', 'Patrick Rothfuss', 'the name of the wind.jpg', 'The Name of the Wind is fantasy at its very best, and an astounding must-read title.\r\n\r\nI have stolen princesses back from sleeping barrow kings. I burned down the town of Trebon. I have spent the night with Felurian and left with both my sanity and my life. I was expelled from the University at a younger age than most people are allowed in. I tread paths by moonlight that others fear to speak of during day. I have talked to Gods, loved women, and written songs that make the minstrels weep.\r\n\r\nMy name is Kvothe.\r\n\r\nYou may have heard of me\r\n\r\nSo begins the tale of Kvothe - currently known as Kote, the unassuming innkeepter - from his childhood in a troupe of traveling players, through his years spent as a near-feral orphan in a crime-riddled city, to his daringly brazen yet successful bid to enter a difficult and dangerous school of magic. In these pages you will come to know Kvothe the notorious magician, the accomplished thief, the masterful musician, the dragon-slayer, the legend-hunter, the lover, the thief and the infamous assassin.\r\n\r\nThe Name of the Wind is fantasy at its very best, and an astounding must-read title.', '19.99', 7, 1),
('9781409178811', 'Broken Throne', 'Victoria Aveyard', 'broken throne.jpg', 'The stunning sequel to Sarah J. Maas New York Times bestselling A Court of Thorns and Roses and a No.1 New York Times bestseller.Feyre survived Amaranthas clutches to return to the Spring Court - but at a steep cost. Though she now has the powers of the High Fae, her heart remains human, and it cant forget the terrible deeds she performed to save Tamlins people.Nor has Feyre forgotten her bargain with Rhysand, High Lord of the feared Night Court. As Feyre navigates its dark web of politics, passion, and dazzling power, a greater evil looms - and she might be key to stopping it. But only if she can harness her harrowing gifts, heal her fractured soul, and decide how she wishes to shape her future - and the future of a world cleaved in two.With more than a million copies sold of her beloved Throne of Glass series, Sarah J. Maass masterful storytelling brings this second book in her seductive and action-packed series to new heights. Older teens will love A Court of Mist and Fury.Contains mature content. Not suitable for younger readers.', '17.99', 10, 2);

-- --------------------------------------------------------

--
-- Table structure for table `cart`
--

CREATE TABLE `cart` (
  `id` int(10) NOT NULL,
  `customerid` int(10) UNSIGNED NOT NULL,
  `date` timestamp NOT NULL DEFAULT current_timestamp()
) ENGINE=InnoDB DEFAULT CHARSET=latin1 COLLATE=latin1_general_ci;

--
-- Dumping data for table `cart`
--

INSERT INTO `cart` (`id`, `customerid`, `date`) VALUES
(23, 7, '2019-07-05 15:21:55'),
(24, 7, '2019-07-05 15:22:25'),
(25, 7, '2019-07-05 15:22:55'),
(26, 6, '2019-07-05 16:32:04');

-- --------------------------------------------------------

--
-- Table structure for table `cartitems`
--

CREATE TABLE `cartitems` (
  `id` int(10) NOT NULL,
  `cartid` int(10) UNSIGNED NOT NULL,
  `productid` varchar(20) NOT NULL,
  `quantity` tinyint(3) UNSIGNED NOT NULL
) ENGINE=InnoDB DEFAULT CHARSET=latin1 COLLATE=latin1_general_ci;

--
-- Dumping data for table `cartitems`
--

INSERT INTO `cartitems` (`id`, `cartid`, `productid`, `quantity`) VALUES
(24, 23, '978-0-321-94786-4', 1),
(25, 23, '9781409178811', 1),
(26, 23, '978-1-484217-26-9', 5),
(27, 26, '978-1-44937-019-0', 10);

-- --------------------------------------------------------

--
-- Table structure for table `category`
--

CREATE TABLE `category` (
  `categoryid` int(10) NOT NULL,
  `category_name` varchar(60) NOT NULL
) ENGINE=InnoDB DEFAULT CHARSET=latin1 COLLATE=latin1_general_ci;

--
-- Dumping data for table `category`
--

INSERT INTO `category` (`categoryid`, `category_name`) VALUES
(1, 'Fiction'),
(2, 'Children'),
(3, 'Education'),
(4, 'Health And Diet'),
(5, 'Arts And Entertainments'),
(6, 'Cooking,Food And Drink'),
(9, 'Non-Fiction');

-- --------------------------------------------------------

--
-- Table structure for table `customers`
--

CREATE TABLE `customers` (
  `id` int(10) NOT NULL,
  `firstname` varchar(40) NOT NULL,
  `lastname` varchar(40) NOT NULL,
  `email` varchar(40) NOT NULL,
  `password` varchar(40) NOT NULL,
  `address` varchar(120) NOT NULL,
  `city` varchar(40) NOT NULL,
  `zipcode` varchar(40) NOT NULL
) ENGINE=InnoDB DEFAULT CHARSET=latin1 COLLATE=latin1_swedish_ci;

--
-- Dumping data for table `customers`
--

INSERT INTO `customers` (`id`, `firstname`, `lastname`, `email`, `password`, `address`, `city`, `zipcode`) VALUES
(1, 'Biplav', 'Poudel', 'biplavpoudel764@gmail.com', '007', 'Kirtipur', 'Kathmandu', '44600');

-- --------------------------------------------------------

--
-- Table structure for table `expert`
--

CREATE TABLE `expert` (
  `name` varchar(20) NOT NULL,
  `pass` varchar(40) NOT NULL
) ENGINE=InnoDB DEFAULT CHARSET=latin1 COLLATE=latin1_general_ci;

--
-- Dumping data for table `expert`
--

INSERT INTO `expert` (`name`, `pass`) VALUES
('expert', 'expert');

-- --------------------------------------------------------

--
-- Table structure for table `manager`
--

CREATE TABLE `manager` (
  `name` varchar(20) NOT NULL,
  `pass` varchar(40) NOT NULL
) ENGINE=InnoDB DEFAULT CHARSET=latin1 COLLATE=latin1_general_ci;

--
-- Dumping data for table `manager`
--

INSERT INTO `manager` (`name`, `pass`) VALUES
('manager', 'manager');

-- --------------------------------------------------------

--
-- Table structure for table `publisher`
--

CREATE TABLE `publisher` (
  `publisherid` int(10) UNSIGNED NOT NULL,
  `publisher_name` varchar(60) NOT NULL
) ENGINE=InnoDB DEFAULT CHARSET=latin1 COLLATE=latin1_general_ci;

--
-- Dumping data for table `publisher`
--

INSERT INTO `publisher` (`publisherid`, `publisher_name`) VALUES
(2, 'Wiley'),
(3, 'Penguin Classics'),
(4, 'Scholastic'),
(5, 'Scribbler'),
(6, 'Grand Central Publishing'),
(7, 'OReilly Media'),
(8, 'Paper Back'),
(9, 'William Marrow Paperbacks'),
(10, 'Bloomsbury Publishing PLC'),
(11, 'Wrox'),
(12, 'Dover Publication'),
(13, 'Signet Classic'),
(14, 'Harper Perennial Modern Classics'),
(15, 'Oxford University Press'),
(16, 'Little, Brown and Company '),
(18, 'Doubleday and Company'),
(19, 'Farrar, Straux and Giroux'),
(20, 'Bentam'),
(21, 'Free Press'),
(22, 'Harper'),
(23, 'Crown'),
(24, 'Pearson'),
(25, 'New World Library');

--
-- Indexes for dumped tables
--

--
-- Indexes for table `books`
--
ALTER TABLE `books`
  ADD PRIMARY KEY (`book_isbn`);

--
-- Indexes for table `cart`
--
ALTER TABLE `cart`
  ADD PRIMARY KEY (`id`);

--
-- Indexes for table `cartitems`
--
ALTER TABLE `cartitems`
  ADD PRIMARY KEY (`id`);

--
-- Indexes for table `category`
--
ALTER TABLE `category`
  ADD PRIMARY KEY (`categoryid`);

--
-- Indexes for table `customers`
--
ALTER TABLE `customers`
  ADD PRIMARY KEY (`id`);

--
-- Indexes for table `publisher`
--
ALTER TABLE `publisher`
  ADD PRIMARY KEY (`publisherid`);

--
-- AUTO_INCREMENT for dumped tables
--

--
-- AUTO_INCREMENT for table `cart`
--
ALTER TABLE `cart`
  MODIFY `id` int(10) NOT NULL AUTO_INCREMENT, AUTO_INCREMENT=27;

--
-- AUTO_INCREMENT for table `cartitems`
--
ALTER TABLE `cartitems`
  MODIFY `id` int(10) NOT NULL AUTO_INCREMENT, AUTO_INCREMENT=28;

--
-- AUTO_INCREMENT for table `category`
--
ALTER TABLE `category`
  MODIFY `categoryid` int(10) NOT NULL AUTO_INCREMENT, AUTO_INCREMENT=12;

--
-- AUTO_INCREMENT for table `customers`
--
ALTER TABLE `customers`
  MODIFY `id` int(10) NOT NULL AUTO_INCREMENT, AUTO_INCREMENT=8;

--
-- AUTO_INCREMENT for table `publisher`
--
ALTER TABLE `publisher`
  MODIFY `publisherid` int(10) UNSIGNED NOT NULL AUTO_INCREMENT, AUTO_INCREMENT=26;
COMMIT;

/*!40101 SET CHARACTER_SET_CLIENT=@OLD_CHARACTER_SET_CLIENT */;
/*!40101 SET CHARACTER_SET_RESULTS=@OLD_CHARACTER_SET_RESULTS */;
/*!40101 SET COLLATION_CONNECTION=@OLD_COLLATION_CONNECTION */;
